INSERT INTO equipo (id_equipo, nombre, ciudad, fundacion) VALUES
(1, 'Equipo 1', 'Ciudad 1', '2001-01-01'),
(2, 'Equipo 2', 'Ciudad 2', '2002-01-01'),
(3, 'Equipo 3', 'Ciudad 3', '2003-01-01'),
(4, 'Equipo 4', 'Ciudad 4', '2004-01-01'),
(5, 'Equipo 5', 'Ciudad 5', '2005-01-01'),
(6, 'Equipo 6', 'Ciudad 6', '2006-01-01'),
(7, 'Equipo 7', 'Ciudad 7', '2007-01-01'),
(8, 'Equipo 8', 'Ciudad 8', '2008-01-01'),
(9, 'Equipo 9', 'Ciudad 9', '2009-01-01'),
(10, 'Equipo 10', 'Ciudad 10', '2010-01-01'),
(11, 'Equipo 11', 'Ciudad 11', '2011-01-01'),
(12, 'Equipo 12', 'Ciudad 12', '2012-01-01'),
(13, 'Equipo 13', 'Ciudad 13', '2013-01-01'),
(14, 'Equipo 14', 'Ciudad 14', '2014-01-01'),
(15, 'Equipo 15', 'Ciudad 15', '2015-01-01'),
(16, 'Equipo 16', 'Ciudad 16', '2016-01-01'),
(17, 'Equipo 17', 'Ciudad 17', '2017-01-01'),
(18, 'Equipo 18', 'Ciudad 18', '2018-01-01'),
(19, 'Equipo 19', 'Ciudad 19', '2019-01-01'),
(20, 'Equipo 20', 'Ciudad 20', '2020-01-01'),
(21, 'Equipo 21', 'Ciudad 21', '2021-01-01'),
(22, 'Equipo 22', 'Ciudad 22', '2022-01-01'),
(23, 'Equipo 23', 'Ciudad 23', '2023-01-01'),
(24, 'Equipo 24', 'Ciudad 24', '2024-01-01'),
(25, 'Equipo 25', 'Ciudad 25', '2025-01-01'),
(26, 'Equipo 26', 'Ciudad 26', '2026-01-01'),
(27, 'Equipo 27', 'Ciudad 27', '2027-01-01'),
(28, 'Equipo 28', 'Ciudad 28', '2028-01-01'),
(29, 'Equipo 29', 'Ciudad 29', '2029-01-01'),
(30, 'Equipo 30', 'Ciudad 30', '2030-01-01'),
(31, 'Equipo 31', 'Ciudad 31', '2031-01-01'),
(32, 'Equipo 32', 'Ciudad 32', '2032-01-01'),
(33, 'Equipo 33', 'Ciudad 33', '2033-01-01'),
(34, 'Equipo 34', 'Ciudad 34', '2034-01-01'),
(35, 'Equipo 35', 'Ciudad 35', '2035-01-01'),
(36, 'Equipo 36', 'Ciudad 36', '2036-01-01'),
(37, 'Equipo 37', 'Ciudad 37', '2037-01-01'),
(38, 'Equipo 38', 'Ciudad 38', '2038-01-01'),
(39, 'Equipo 39', 'Ciudad 39', '2039-01-01'),
(40, 'Equipo 40', 'Ciudad 40', '2040-01-01'),
(41, 'Equipo 41', 'Ciudad 41', '2041-01-01'),
(42, 'Equipo 42', 'Ciudad 42', '2042-01-01'),
(43, 'Equipo 43', 'Ciudad 43', '2043-01-01'),
(44, 'Equipo 44', 'Ciudad 44', '2044-01-01'),
(45, 'Equipo 45', 'Ciudad 45', '2045-01-01'),
(46, 'Equipo 46', 'Ciudad 46', '2046-01-01'),
(47, 'Equipo 47', 'Ciudad 47', '2047-01-01'),
(48, 'Equipo 48', 'Ciudad 48', '2048-01-01'),
(49, 'Equipo 49', 'Ciudad 49', '2049-01-01'),
(50, 'Equipo 50', 'Ciudad 50', '2050-01-01'),
(51, 'Equipo 51', 'Ciudad 51', '2051-01-01'),
(52, 'Equipo 52', 'Ciudad 52', '2052-01-01'),
(53, 'Equipo 53', 'Ciudad 53', '2053-01-01'),
(54, 'Equipo 54', 'Ciudad 54', '2054-01-01'),
(55, 'Equipo 55', 'Ciudad 55', '2055-01-01'),
(56, 'Equipo 56', 'Ciudad 56', '2056-01-01'),
(57, 'Equipo 57', 'Ciudad 57', '2057-01-01'),
(58, 'Equipo 58', 'Ciudad 58', '2058-01-01'),
(59, 'Equipo 59', 'Ciudad 59', '2059-01-01'),
(60, 'Equipo 60', 'Ciudad 60', '2060-01-01'),
(61, 'Equipo 61', 'Ciudad 61', '2061-01-01'),
(62, 'Equipo 62', 'Ciudad 62', '2062-01-01'),
(63, 'Equipo 63', 'Ciudad 63', '2063-01-01'),
(64, 'Equipo 64', 'Ciudad 64', '2064-01-01'),
(65, 'Equipo 65', 'Ciudad 65', '2065-01-01'),
(66, 'Equipo 66', 'Ciudad 66', '2066-01-01'),
(67, 'Equipo 67', 'Ciudad 67', '2067-01-01'),
(68, 'Equipo 68', 'Ciudad 68', '2068-01-01'),
(69, 'Equipo 69', 'Ciudad 69', '2069-01-01'),
(70, 'Equipo 70', 'Ciudad 70', '2070-01-01'),
(71, 'Equipo 71', 'Ciudad 71', '2071-01-01'),
(72, 'Equipo 72', 'Ciudad 72', '2072-01-01'),
(73, 'Equipo 73', 'Ciudad 73', '2073-01-01'),
(74, 'Equipo 74', 'Ciudad 74', '2074-01-01'),
(75, 'Equipo 75', 'Ciudad 75', '2075-01-01'),
(76, 'Equipo 76', 'Ciudad 76', '2076-01-01'),
(77, 'Equipo 77', 'Ciudad 77', '2077-01-01'),
(78, 'Equipo 78', 'Ciudad 78', '2078-01-01'),
(79, 'Equipo 79', 'Ciudad 79', '2079-01-01'),
(80, 'Equipo 80', 'Ciudad 80', '2080-01-01'),
(81, 'Equipo 81', 'Ciudad 81', '2081-01-01'),
(82, 'Equipo 82', 'Ciudad 82', '2082-01-01'),
(83, 'Equipo 83', 'Ciudad 83', '2083-01-01'),
(84, 'Equipo 84', 'Ciudad 84', '2084-01-01'),
(85, 'Equipo 85', 'Ciudad 85', '2085-01-01'),
(86, 'Equipo 86', 'Ciudad 86', '2086-01-01'),
(87, 'Equipo 87', 'Ciudad 87', '2087-01-01'),
(88, 'Equipo 88', 'Ciudad 88', '2088-01-01'),
(89, 'Equipo 89', 'Ciudad 89', '2089-01-01'),
(90, 'Equipo 90', 'Ciudad 90', '2090-01-01'),
(91, 'Equipo 91', 'Ciudad 91', '2091-01-01'),
(92, 'Equipo 92', 'Ciudad 92', '2092-01-01'),
(93, 'Equipo 93', 'Ciudad 93', '2093-01-01'),
(94, 'Equipo 94', 'Ciudad 94', '2094-01-01'),
(95, 'Equipo 95', 'Ciudad 95', '2095-01-01'),
(96, 'Equipo 96', 'Ciudad 96', '2096-01-01'),
(97, 'Equipo 97', 'Ciudad 97', '2097-01-01'),
(98, 'Equipo 98', 'Ciudad 98', '2098-01-01'),
(99, 'Equipo 99', 'Ciudad 99', '2099-01-01'),
(100, 'Equipo 100', 'Ciudad 100', '2000-01-01');

INSERT INTO jugador (id_jugador, nombre, posicion, dorsal, fecha_nac, nacionalidad, id_equipo) VALUES
(1, 'Jugador 1', 'Posicion 1', 2, '1992-02-15', 'Colombia', 2),
(2, 'Jugador 2', 'Posicion 2', 3, '1993-03-15', 'Colombia', 3),
(3, 'Jugador 3', 'Posicion 3', 4, '1994-04-15', 'Colombia', 4),
(4, 'Jugador 4', 'Posicion 0', 5, '1995-05-15', 'Colombia', 5),
(5, 'Jugador 5', 'Posicion 1', 6, '1996-06-15', 'Colombia', 6),
(6, 'Jugador 6', 'Posicion 2', 7, '1997-07-15', 'Colombia', 7),
(7, 'Jugador 7', 'Posicion 3', 8, '1998-08-15', 'Colombia', 8),
(8, 'Jugador 8', 'Posicion 0', 9, '1999-09-15', 'Colombia', 9),
(9, 'Jugador 9', 'Posicion 1', 10, '19910-01-15', 'Colombia', 10),
(10, 'Jugador 10', 'Posicion 2', 11, '1991-02-15', 'Colombia', 11),
(11, 'Jugador 11', 'Posicion 3', 12, '1992-03-15', 'Colombia', 12),
(12, 'Jugador 12', 'Posicion 0', 13, '1993-04-15', 'Colombia', 13),
(13, 'Jugador 13', 'Posicion 1', 14, '1994-05-15', 'Colombia', 14),
(14, 'Jugador 14', 'Posicion 2', 15, '1995-06-15', 'Colombia', 15),
(15, 'Jugador 15', 'Posicion 3', 16, '1996-07-15', 'Colombia', 16),
(16, 'Jugador 16', 'Posicion 0', 17, '1997-08-15', 'Colombia', 17),
(17, 'Jugador 17', 'Posicion 1', 18, '1998-09-15', 'Colombia', 18),
(18, 'Jugador 18', 'Posicion 2', 19, '1999-01-15', 'Colombia', 19),
(19, 'Jugador 19', 'Posicion 3', 20, '19910-02-15', 'Colombia', 20),
(20, 'Jugador 20', 'Posicion 0', 21, '1991-03-15', 'Colombia', 21),
(21, 'Jugador 21', 'Posicion 1', 22, '1992-04-15', 'Colombia', 22),
(22, 'Jugador 22', 'Posicion 2', 23, '1993-05-15', 'Colombia', 23),
(23, 'Jugador 23', 'Posicion 3', 24, '1994-06-15', 'Colombia', 24),
(24, 'Jugador 24', 'Posicion 0', 25, '1995-07-15', 'Colombia', 25),
(25, 'Jugador 25', 'Posicion 1', 26, '1996-08-15', 'Colombia', 26),
(26, 'Jugador 26', 'Posicion 2', 27, '1997-09-15', 'Colombia', 27),
(27, 'Jugador 27', 'Posicion 3', 28, '1998-01-15', 'Colombia', 28),
(28, 'Jugador 28', 'Posicion 0', 29, '1999-02-15', 'Colombia', 29),
(29, 'Jugador 29', 'Posicion 1', 30, '19910-03-15', 'Colombia', 30),
(30, 'Jugador 30', 'Posicion 2', 1, '1991-04-15', 'Colombia', 31),
(31, 'Jugador 31', 'Posicion 3', 2, '1992-05-15', 'Colombia', 32),
(32, 'Jugador 32', 'Posicion 0', 3, '1993-06-15', 'Colombia', 33),
(33, 'Jugador 33', 'Posicion 1', 4, '1994-07-15', 'Colombia', 34),
(34, 'Jugador 34', 'Posicion 2', 5, '1995-08-15', 'Colombia', 35),
(35, 'Jugador 35', 'Posicion 3', 6, '1996-09-15', 'Colombia', 36),
(36, 'Jugador 36', 'Posicion 0', 7, '1997-01-15', 'Colombia', 37),
(37, 'Jugador 37', 'Posicion 1', 8, '1998-02-15', 'Colombia', 38),
(38, 'Jugador 38', 'Posicion 2', 9, '1999-03-15', 'Colombia', 39),
(39, 'Jugador 39', 'Posicion 3', 10, '19910-04-15', 'Colombia', 40),
(40, 'Jugador 40', 'Posicion 0', 11, '1991-05-15', 'Colombia', 41),
(41, 'Jugador 41', 'Posicion 1', 12, '1992-06-15', 'Colombia', 42),
(42, 'Jugador 42', 'Posicion 2', 13, '1993-07-15', 'Colombia', 43),
(43, 'Jugador 43', 'Posicion 3', 14, '1994-08-15', 'Colombia', 44),
(44, 'Jugador 44', 'Posicion 0', 15, '1995-09-15', 'Colombia', 45),
(45, 'Jugador 45', 'Posicion 1', 16, '1996-01-15', 'Colombia', 46),
(46, 'Jugador 46', 'Posicion 2', 17, '1997-02-15', 'Colombia', 47),
(47, 'Jugador 47', 'Posicion 3', 18, '1998-03-15', 'Colombia', 48),
(48, 'Jugador 48', 'Posicion 0', 19, '1999-04-15', 'Colombia', 49),
(49, 'Jugador 49', 'Posicion 1', 20, '19910-05-15', 'Colombia', 50),
(50, 'Jugador 50', 'Posicion 2', 21, '1991-06-15', 'Colombia', 51),
(51, 'Jugador 51', 'Posicion 3', 22, '1992-07-15', 'Colombia', 52),
(52, 'Jugador 52', 'Posicion 0', 23, '1993-08-15', 'Colombia', 53),
(53, 'Jugador 53', 'Posicion 1', 24, '1994-09-15', 'Colombia', 54),
(54, 'Jugador 54', 'Posicion 2', 25, '1995-01-15', 'Colombia', 55),
(55, 'Jugador 55', 'Posicion 3', 26, '1996-02-15', 'Colombia', 56),
(56, 'Jugador 56', 'Posicion 0', 27, '1997-03-15', 'Colombia', 57),
(57, 'Jugador 57', 'Posicion 1', 28, '1998-04-15', 'Colombia', 58),
(58, 'Jugador 58', 'Posicion 2', 29, '1999-05-15', 'Colombia', 59),
(59, 'Jugador 59', 'Posicion 3', 30, '19910-06-15', 'Colombia', 60),
(60, 'Jugador 60', 'Posicion 0', 1, '1991-07-15', 'Colombia', 61),
(61, 'Jugador 61', 'Posicion 1', 2, '1992-08-15', 'Colombia', 62),
(62, 'Jugador 62', 'Posicion 2', 3, '1993-09-15', 'Colombia', 63),
(63, 'Jugador 63', 'Posicion 3', 4, '1994-01-15', 'Colombia', 64),
(64, 'Jugador 64', 'Posicion 0', 5, '1995-02-15', 'Colombia', 65),
(65, 'Jugador 65', 'Posicion 1', 6, '1996-03-15', 'Colombia', 66),
(66, 'Jugador 66', 'Posicion 2', 7, '1997-04-15', 'Colombia', 67),
(67, 'Jugador 67', 'Posicion 3', 8, '1998-05-15', 'Colombia', 68),
(68, 'Jugador 68', 'Posicion 0', 9, '1999-06-15', 'Colombia', 69),
(69, 'Jugador 69', 'Posicion 1', 10, '19910-07-15', 'Colombia', 70),
(70, 'Jugador 70', 'Posicion 2', 11, '1991-08-15', 'Colombia', 71),
(71, 'Jugador 71', 'Posicion 3', 12, '1992-09-15', 'Colombia', 72),
(72, 'Jugador 72', 'Posicion 0', 13, '1993-01-15', 'Colombia', 73),
(73, 'Jugador 73', 'Posicion 1', 14, '1994-02-15', 'Colombia', 74),
(74, 'Jugador 74', 'Posicion 2', 15, '1995-03-15', 'Colombia', 75),
(75, 'Jugador 75', 'Posicion 3', 16, '1996-04-15', 'Colombia', 76),
(76, 'Jugador 76', 'Posicion 0', 17, '1997-05-15', 'Colombia', 77),
(77, 'Jugador 77', 'Posicion 1', 18, '1998-06-15', 'Colombia', 78),
(78, 'Jugador 78', 'Posicion 2', 19, '1999-07-15', 'Colombia', 79),
(79, 'Jugador 79', 'Posicion 3', 20, '19910-08-15', 'Colombia', 80),
(80, 'Jugador 80', 'Posicion 0', 21, '1991-09-15', 'Colombia', 81),
(81, 'Jugador 81', 'Posicion 1', 22, '1992-01-15', 'Colombia', 82),
(82, 'Jugador 82', 'Posicion 2', 23, '1993-02-15', 'Colombia', 83),
(83, 'Jugador 83', 'Posicion 3', 24, '1994-03-15', 'Colombia', 84),
(84, 'Jugador 84', 'Posicion 0', 25, '1995-04-15', 'Colombia', 85),
(85, 'Jugador 85', 'Posicion 1', 26, '1996-05-15', 'Colombia', 86),
(86, 'Jugador 86', 'Posicion 2', 27, '1997-06-15', 'Colombia', 87),
(87, 'Jugador 87', 'Posicion 3', 28, '1998-07-15', 'Colombia', 88),
(88, 'Jugador 88', 'Posicion 0', 29, '1999-08-15', 'Colombia', 89),
(89, 'Jugador 89', 'Posicion 1', 30, '19910-09-15', 'Colombia', 90),
(90, 'Jugador 90', 'Posicion 2', 1, '1991-01-15', 'Colombia', 91),
(91, 'Jugador 91', 'Posicion 3', 2, '1992-02-15', 'Colombia', 92),
(92, 'Jugador 92', 'Posicion 0', 3, '1993-03-15', 'Colombia', 93),
(93, 'Jugador 93', 'Posicion 1', 4, '1994-04-15', 'Colombia', 94),
(94, 'Jugador 94', 'Posicion 2', 5, '1995-05-15', 'Colombia', 95),
(95, 'Jugador 95', 'Posicion 3', 6, '1996-06-15', 'Colombia', 96),
(96, 'Jugador 96', 'Posicion 0', 7, '1997-07-15', 'Colombia', 97),
(97, 'Jugador 97', 'Posicion 1', 8, '1998-08-15', 'Colombia', 98),
(98, 'Jugador 98', 'Posicion 2', 9, '1999-09-15', 'Colombia', 99),
(99, 'Jugador 99', 'Posicion 3', 10, '19910-01-15', 'Colombia', 100),
(100, 'Jugador 100', 'Posicion 0', 11, '1991-02-15', 'Colombia', 1);

INSERT INTO entrenador (id_entrenador, nombre, especialidad, id_equipo) VALUES
(1, 'Entrenador 1', 'Especialidad 1', 1),
(2, 'Entrenador 2', 'Especialidad 2', 2),
(3, 'Entrenador 3', 'Especialidad 0', 3),
(4, 'Entrenador 4', 'Especialidad 1', 4),
(5, 'Entrenador 5', 'Especialidad 2', 5),
(6, 'Entrenador 6', 'Especialidad 0', 6),
(7, 'Entrenador 7', 'Especialidad 1', 7),
(8, 'Entrenador 8', 'Especialidad 2', 8),
(9, 'Entrenador 9', 'Especialidad 0', 9),
(10, 'Entrenador 10', 'Especialidad 1', 10),
(11, 'Entrenador 11', 'Especialidad 2', 11),
(12, 'Entrenador 12', 'Especialidad 0', 12),
(13, 'Entrenador 13', 'Especialidad 1', 13),
(14, 'Entrenador 14', 'Especialidad 2', 14),
(15, 'Entrenador 15', 'Especialidad 0', 15),
(16, 'Entrenador 16', 'Especialidad 1', 16),
(17, 'Entrenador 17', 'Especialidad 2', 17),
(18, 'Entrenador 18', 'Especialidad 0', 18),
(19, 'Entrenador 19', 'Especialidad 1', 19),
(20, 'Entrenador 20', 'Especialidad 2', 20),
(21, 'Entrenador 21', 'Especialidad 0', 21),
(22, 'Entrenador 22', 'Especialidad 1', 22),
(23, 'Entrenador 23', 'Especialidad 2', 23),
(24, 'Entrenador 24', 'Especialidad 0', 24),
(25, 'Entrenador 25', 'Especialidad 1', 25),
(26, 'Entrenador 26', 'Especialidad 2', 26),
(27, 'Entrenador 27', 'Especialidad 0', 27),
(28, 'Entrenador 28', 'Especialidad 1', 28),
(29, 'Entrenador 29', 'Especialidad 2', 29),
(30, 'Entrenador 30', 'Especialidad 0', 30),
(31, 'Entrenador 31', 'Especialidad 1', 31),
(32, 'Entrenador 32', 'Especialidad 2', 32),
(33, 'Entrenador 33', 'Especialidad 0', 33),
(34, 'Entrenador 34', 'Especialidad 1', 34),
(35, 'Entrenador 35', 'Especialidad 2', 35),
(36, 'Entrenador 36', 'Especialidad 0', 36),
(37, 'Entrenador 37', 'Especialidad 1', 37),
(38, 'Entrenador 38', 'Especialidad 2', 38),
(39, 'Entrenador 39', 'Especialidad 0', 39),
(40, 'Entrenador 40', 'Especialidad 1', 40),
(41, 'Entrenador 41', 'Especialidad 2', 41),
(42, 'Entrenador 42', 'Especialidad 0', 42),
(43, 'Entrenador 43', 'Especialidad 1', 43),
(44, 'Entrenador 44', 'Especialidad 2', 44),
(45, 'Entrenador 45', 'Especialidad 0', 45),
(46, 'Entrenador 46', 'Especialidad 1', 46),
(47, 'Entrenador 47', 'Especialidad 2', 47),
(48, 'Entrenador 48', 'Especialidad 0', 48),
(49, 'Entrenador 49', 'Especialidad 1', 49),
(50, 'Entrenador 50', 'Especialidad 2', 50),
(51, 'Entrenador 51', 'Especialidad 0', 51),
(52, 'Entrenador 52', 'Especialidad 1', 52),
(53, 'Entrenador 53', 'Especialidad 2', 53),
(54, 'Entrenador 54', 'Especialidad 0', 54),
(55, 'Entrenador 55', 'Especialidad 1', 55),
(56, 'Entrenador 56', 'Especialidad 2', 56),
(57, 'Entrenador 57', 'Especialidad 0', 57),
(58, 'Entrenador 58', 'Especialidad 1', 58),
(59, 'Entrenador 59', 'Especialidad 2', 59),
(60, 'Entrenador 60', 'Especialidad 0', 60),
(61, 'Entrenador 61', 'Especialidad 1', 61),
(62, 'Entrenador 62', 'Especialidad 2', 62),
(63, 'Entrenador 63', 'Especialidad 0', 63),
(64, 'Entrenador 64', 'Especialidad 1', 64),
(65, 'Entrenador 65', 'Especialidad 2', 65),
(66, 'Entrenador 66', 'Especialidad 0', 66),
(67, 'Entrenador 67', 'Especialidad 1', 67),
(68, 'Entrenador 68', 'Especialidad 2', 68),
(69, 'Entrenador 69', 'Especialidad 0', 69),
(70, 'Entrenador 70', 'Especialidad 1', 70),
(71, 'Entrenador 71', 'Especialidad 2', 71),
(72, 'Entrenador 72', 'Especialidad 0', 72),
(73, 'Entrenador 73', 'Especialidad 1', 73),
(74, 'Entrenador 74', 'Especialidad 2', 74),
(75, 'Entrenador 75', 'Especialidad 0', 75),
(76, 'Entrenador 76', 'Especialidad 1', 76),
(77, 'Entrenador 77', 'Especialidad 2', 77),
(78, 'Entrenador 78', 'Especialidad 0', 78),
(79, 'Entrenador 79', 'Especialidad 1', 79),
(80, 'Entrenador 80', 'Especialidad 2', 80),
(81, 'Entrenador 81', 'Especialidad 0', 81),
(82, 'Entrenador 82', 'Especialidad 1', 82),
(83, 'Entrenador 83', 'Especialidad 2', 83),
(84, 'Entrenador 84', 'Especialidad 0', 84),
(85, 'Entrenador 85', 'Especialidad 1', 85),
(86, 'Entrenador 86', 'Especialidad 2', 86),
(87, 'Entrenador 87', 'Especialidad 0', 87),
(88, 'Entrenador 88', 'Especialidad 1', 88),
(89, 'Entrenador 89', 'Especialidad 2', 89),
(90, 'Entrenador 90', 'Especialidad 0', 90),
(91, 'Entrenador 91', 'Especialidad 1', 91),
(92, 'Entrenador 92', 'Especialidad 2', 92),
(93, 'Entrenador 93', 'Especialidad 0', 93),
(94, 'Entrenador 94', 'Especialidad 1', 94),
(95, 'Entrenador 95', 'Especialidad 2', 95),
(96, 'Entrenador 96', 'Especialidad 0', 96),
(97, 'Entrenador 97', 'Especialidad 1', 97),
(98, 'Entrenador 98', 'Especialidad 2', 98),
(99, 'Entrenador 99', 'Especialidad 0', 99),
(100, 'Entrenador 100', 'Especialidad 1', 100);

INSERT INTO partido (id_partido, fecha, estadio, equipo_local, equipo_visita, goles_local, goles_visita) VALUES
(1, '2024-04-2', 'Estadio 1', 2, 3, 1, 2),
(2, '2024-04-3', 'Estadio 2', 3, 4, 2, 3),
(3, '2024-04-4', 'Estadio 3', 4, 5, 3, 4),
(4, '2024-04-5', 'Estadio 4', 5, 6, 4, 0),
(5, '2024-04-6', 'Estadio 5', 6, 7, 0, 1),
(6, '2024-04-7', 'Estadio 6', 7, 8, 1, 2),
(7, '2024-04-8', 'Estadio 7', 8, 9, 2, 3),
(8, '2024-04-9', 'Estadio 8', 9, 10, 3, 4),
(9, '2024-04-10', 'Estadio 9', 10, 11, 4, 0),
(10, '2024-04-11', 'Estadio 10', 11, 12, 0, 1),
(11, '2024-04-12', 'Estadio 11', 12, 13, 1, 2),
(12, '2024-04-13', 'Estadio 12', 13, 14, 2, 3),
(13, '2024-04-14', 'Estadio 13', 14, 15, 3, 4),
(14, '2024-04-15', 'Estadio 14', 15, 16, 4, 0),
(15, '2024-04-16', 'Estadio 15', 16, 17, 0, 1),
(16, '2024-04-17', 'Estadio 16', 17, 18, 1, 2),
(17, '2024-04-18', 'Estadio 17', 18, 19, 2, 3),
(18, '2024-04-19', 'Estadio 18', 19, 20, 3, 4),
(19, '2024-04-20', 'Estadio 19', 20, 21, 4, 0),
(20, '2024-04-21', 'Estadio 20', 21, 22, 0, 1),
(21, '2024-04-22', 'Estadio 21', 22, 23, 1, 2),
(22, '2024-04-23', 'Estadio 22', 23, 24, 2, 3),
(23, '2024-04-24', 'Estadio 23', 24, 25, 3, 4),
(24, '2024-04-25', 'Estadio 24', 25, 26, 4, 0),
(25, '2024-04-26', 'Estadio 25', 26, 27, 0, 1),
(26, '2024-04-27', 'Estadio 26', 27, 28, 1, 2),
(27, '2024-04-28', 'Estadio 27', 28, 29, 2, 3),
(28, '2024-04-29', 'Estadio 28', 29, 30, 3, 4),
(29, '2024-04-30', 'Estadio 29', 30, 31, 4, 0),
(30, '2024-04-1', 'Estadio 30', 31, 32, 0, 1),
(31, '2024-04-2', 'Estadio 31', 32, 33, 1, 2),
(32, '2024-04-3', 'Estadio 32', 33, 34, 2, 3),
(33, '2024-04-4', 'Estadio 33', 34, 35, 3, 4),
(34, '2024-04-5', 'Estadio 34', 35, 36, 4, 0),
(35, '2024-04-6', 'Estadio 35', 36, 37, 0, 1),
(36, '2024-04-7', 'Estadio 36', 37, 38, 1, 2),
(37, '2024-04-8', 'Estadio 37', 38, 39, 2, 3),
(38, '2024-04-9', 'Estadio 38', 39, 40, 3, 4),
(39, '2024-04-10', 'Estadio 39', 40, 41, 4, 0),
(40, '2024-04-11', 'Estadio 40', 41, 42, 0, 1),
(41, '2024-04-12', 'Estadio 41', 42, 43, 1, 2),
(42, '2024-04-13', 'Estadio 42', 43, 44, 2, 3),
(43, '2024-04-14', 'Estadio 43', 44, 45, 3, 4),
(44, '2024-04-15', 'Estadio 44', 45, 46, 4, 0),
(45, '2024-04-16', 'Estadio 45', 46, 47, 0, 1),
(46, '2024-04-17', 'Estadio 46', 47, 48, 1, 2),
(47, '2024-04-18', 'Estadio 47', 48, 49, 2, 3),
(48, '2024-04-19', 'Estadio 48', 49, 50, 3, 4),
(49, '2024-04-20', 'Estadio 49', 50, 51, 4, 0),
(50, '2024-04-21', 'Estadio 50', 51, 52, 0, 1),
(51, '2024-04-22', 'Estadio 51', 52, 53, 1, 2),
(52, '2024-04-23', 'Estadio 52', 53, 54, 2, 3),
(53, '2024-04-24', 'Estadio 53', 54, 55, 3, 4),
(54, '2024-04-25', 'Estadio 54', 55, 56, 4, 0),
(55, '2024-04-26', 'Estadio 55', 56, 57, 0, 1),
(56, '2024-04-27', 'Estadio 56', 57, 58, 1, 2),
(57, '2024-04-28', 'Estadio 57', 58, 59, 2, 3),
(58, '2024-04-29', 'Estadio 58', 59, 60, 3, 4),
(59, '2024-04-30', 'Estadio 59', 60, 61, 4, 0),
(60, '2024-04-1', 'Estadio 60', 61, 62, 0, 1),
(61, '2024-04-2', 'Estadio 61', 62, 63, 1, 2),
(62, '2024-04-3', 'Estadio 62', 63, 64, 2, 3),
(63, '2024-04-4', 'Estadio 63', 64, 65, 3, 4),
(64, '2024-04-5', 'Estadio 64', 65, 66, 4, 0),
(65, '2024-04-6', 'Estadio 65', 66, 67, 0, 1),
(66, '2024-04-7', 'Estadio 66', 67, 68, 1, 2),
(67, '2024-04-8', 'Estadio 67', 68, 69, 2, 3),
(68, '2024-04-9', 'Estadio 68', 69, 70, 3, 4),
(69, '2024-04-10', 'Estadio 69', 70, 71, 4, 0),
(70, '2024-04-11', 'Estadio 70', 71, 72, 0, 1),
(71, '2024-04-12', 'Estadio 71', 72, 73, 1, 2),
(72, '2024-04-13', 'Estadio 72', 73, 74, 2, 3),
(73, '2024-04-14', 'Estadio 73', 74, 75, 3, 4),
(74, '2024-04-15', 'Estadio 74', 75, 76, 4, 0),
(75, '2024-04-16', 'Estadio 75', 76, 77, 0, 1),
(76, '2024-04-17', 'Estadio 76', 77, 78, 1, 2),
(77, '2024-04-18', 'Estadio 77', 78, 79, 2, 3),
(78, '2024-04-19', 'Estadio 78', 79, 80, 3, 4),
(79, '2024-04-20', 'Estadio 79', 80, 81, 4, 0),
(80, '2024-04-21', 'Estadio 80', 81, 82, 0, 1),
(81, '2024-04-22', 'Estadio 81', 82, 83, 1, 2),
(82, '2024-04-23', 'Estadio 82', 83, 84, 2, 3),
(83, '2024-04-24', 'Estadio 83', 84, 85, 3, 4),
(84, '2024-04-25', 'Estadio 84', 85, 86, 4, 0),
(85, '2024-04-26', 'Estadio 85', 86, 87, 0, 1),
(86, '2024-04-27', 'Estadio 86', 87, 88, 1, 2),
(87, '2024-04-28', 'Estadio 87', 88, 89, 2, 3),
(88, '2024-04-29', 'Estadio 88', 89, 90, 3, 4),
(89, '2024-04-30', 'Estadio 89', 90, 91, 4, 0),
(90, '2024-04-1', 'Estadio 90', 91, 92, 0, 1),
(91, '2024-04-2', 'Estadio 91', 92, 93, 1, 2),
(92, '2024-04-3', 'Estadio 92', 93, 94, 2, 3),
(93, '2024-04-4', 'Estadio 93', 94, 95, 3, 4),
(94, '2024-04-5', 'Estadio 94', 95, 96, 4, 0),
(95, '2024-04-6', 'Estadio 95', 96, 97, 0, 1),
(96, '2024-04-7', 'Estadio 96', 97, 98, 1, 2),
(97, '2024-04-8', 'Estadio 97', 98, 99, 2, 3),
(98, '2024-04-9', 'Estadio 98', 99, 100, 3, 4),
(99, '2024-04-10', 'Estadio 99', 100, 1, 4, 0),
(100, '2024-04-11', 'Estadio 100', 1, 2, 0, 1);

INSERT INTO estadistica_jugador (id_estadistica, id_jugador, id_partido, minutos_jugados, goles, asistencias, tarjetas_amarillas, tarjetas_rojas) VALUES
(1, 2, 2, 90, 1, 1, 1, 1),
(2, 3, 3, 90, 2, 0, 0, 0),
(3, 4, 4, 90, 0, 1, 1, 1),
(4, 5, 5, 90, 1, 0, 0, 0),
(5, 6, 6, 90, 2, 1, 1, 1),
(6, 7, 7, 90, 0, 0, 0, 0),
(7, 8, 8, 90, 1, 1, 1, 1),
(8, 9, 9, 90, 2, 0, 0, 0),
(9, 10, 10, 90, 0, 1, 1, 1),
(10, 11, 11, 90, 1, 0, 0, 0),
(11, 12, 12, 90, 2, 1, 1, 1),
(12, 13, 13, 90, 0, 0, 0, 0),
(13, 14, 14, 90, 1, 1, 1, 1),
(14, 15, 15, 90, 2, 0, 0, 0),
(15, 16, 16, 90, 0, 1, 1, 1),
(16, 17, 17, 90, 1, 0, 0, 0),
(17, 18, 18, 90, 2, 1, 1, 1),
(18, 19, 19, 90, 0, 0, 0, 0),
(19, 20, 20, 90, 1, 1, 1, 1),
(20, 21, 21, 90, 2, 0, 0, 0),
(21, 22, 22, 90, 0, 1, 1, 1),
(22, 23, 23, 90, 1, 0, 0, 0),
(23, 24, 24, 90, 2, 1, 1, 1),
(24, 25, 25, 90, 0, 0, 0, 0),
(25, 26, 26, 90, 1, 1, 1, 1),
(26, 27, 27, 90, 2, 0, 0, 0),
(27, 28, 28, 90, 0, 1, 1, 1),
(28, 29, 29, 90, 1, 0, 0, 0),
(29, 30, 30, 90, 2, 1, 1, 1),
(30, 31, 31, 90, 0, 0, 0, 0),
(31, 32, 32, 90, 1, 1, 1, 1),
(32, 33, 33, 90, 2, 0, 0, 0),
(33, 34, 34, 90, 0, 1, 1, 1),
(34, 35, 35, 90, 1, 0, 0, 0),
(35, 36, 36, 90, 2, 1, 1, 1),
(36, 37, 37, 90, 0, 0, 0, 0),
(37, 38, 38, 90, 1, 1, 1, 1),
(38, 39, 39, 90, 2, 0, 0, 0),
(39, 40, 40, 90, 0, 1, 1, 1),
(40, 41, 41, 90, 1, 0, 0, 0),
(41, 42, 42, 90, 2, 1, 1, 1),
(42, 43, 43, 90, 0, 0, 0, 0),
(43, 44, 44, 90, 1, 1, 1, 1),
(44, 45, 45, 90, 2, 0, 0, 0),
(45, 46, 46, 90, 0, 1, 1, 1),
(46, 47, 47, 90, 1, 0, 0, 0),
(47, 48, 48, 90, 2, 1, 1, 1),
(48, 49, 49, 90, 0, 0, 0, 0),
(49, 50, 50, 90, 1, 1, 1, 1),
(50, 51, 51, 90, 2, 0, 0, 0),
(51, 52, 52, 90, 0, 1, 1, 1),
(52, 53, 53, 90, 1, 0, 0, 0),
(53, 54, 54, 90, 2, 1, 1, 1),
(54, 55, 55, 90, 0, 0, 0, 0),
(55, 56, 56, 90, 1, 1, 1, 1),
(56, 57, 57, 90, 2, 0, 0, 0),
(57, 58, 58, 90, 0, 1, 1, 1),
(58, 59, 59, 90, 1, 0, 0, 0),
(59, 60, 60, 90, 2, 1, 1, 1),
(60, 61, 61, 90, 0, 0, 0, 0),
(61, 62, 62, 90, 1, 1, 1, 1),
(62, 63, 63, 90, 2, 0, 0, 0),
(63, 64, 64, 90, 0, 1, 1, 1),
(64, 65, 65, 90, 1, 0, 0, 0),
(65, 66, 66, 90, 2, 1, 1, 1),
(66, 67, 67, 90, 0, 0, 0, 0),
(67, 68, 68, 90, 1, 1, 1, 1),
(68, 69, 69, 90, 2, 0, 0, 0),
(69, 70, 70, 90, 0, 1, 1, 1),
(70, 71, 71, 90, 1, 0, 0, 0),
(71, 72, 72, 90, 2, 1, 1, 1),
(72, 73, 73, 90, 0, 0, 0, 0),
(73, 74, 74, 90, 1, 1, 1, 1),
(74, 75, 75, 90, 2, 0, 0, 0),
(75, 76, 76, 90, 0, 1, 1, 1),
(76, 77, 77, 90, 1, 0, 0, 0),
(77, 78, 78, 90, 2, 1, 1, 1),
(78, 79, 79, 90, 0, 0, 0, 0),
(79, 80, 80, 90, 1, 1, 1, 1),
(80, 81, 81, 90, 2, 0, 0, 0),
(81, 82, 82, 90, 0, 1, 1, 1),
(82, 83, 83, 90, 1, 0, 0, 0),
(83, 84, 84, 90, 2, 1, 1, 1),
(84, 85, 85, 90, 0, 0, 0, 0),
(85, 86, 86, 90, 1, 1, 1, 1),
(86, 87, 87, 90, 2, 0, 0, 0),
(87, 88, 88, 90, 0, 1, 1, 1),
(88, 89, 89, 90, 1, 0, 0, 0),
(89, 90, 90, 90, 2, 1, 1, 1),
(90, 91, 91, 90, 0, 0, 0, 0),
(91, 92, 92, 90, 1, 1, 1, 1),
(92, 93, 93, 90, 2, 0, 0, 0),
(93, 94, 94, 90, 0, 1, 1, 1),
(94, 95, 95, 90, 1, 0, 0, 0),
(95, 96, 96, 90, 2, 1, 1, 1),
(96, 97, 97, 90, 0, 0, 0, 0),
(97, 98, 98, 90, 1, 1, 1, 1),
(98, 99, 99, 90, 2, 0, 0, 0),
(99, 100, 100, 90, 0, 1, 1, 1),
(100, 1, 1, 90, 1, 0, 0, 0);

